Unnamed: 0,title,Production company,Country,Language,Running time,Budget,Box office,Release date,imdb,metascore,rotten_tomatoes
0,Academy Award Review of,Walt Disney Productions,United States,English,41.0,1490000.0,45.472,1937-05-19,7.2,95.0,73%
1,Snow White and the Seven Dwarfs,Walt Disney Productions,United States,English,83.0,1490000.0,418000000.0,1937-12-21,7.6,95.0,73%
2,Pinocchio,Walt Disney Productions,United States,English,88.0,2600000.0,164000000.0,1940-02-07,7.4,99.0,73%
3,Fantasia,Walt Disney Productions,United States,English,126.0,2280000.0,83300000.0,1940-11-13,7.7,96.0,95%
4,The Reluctant Dragon,Walt Disney Productions,United States,English,74.0,600000.0,960000.0,1941-06-20,6.9,96.0,68%
5,Dumbo,Walt Disney Productions,United States,English,64.0,950000.0,1300000.0,1941-10-23,7.2,96.0,98%
6,Bambi,Walt Disney Productions,United States,English,70.0,858000.0,267400000.0,1942-08-09,7.3,91.0,90%
7,Saludos Amigos,Walt Disney Productions,United States,"['English', 'Portuguese', 'Spanish']",42.0,823000.0,1135000.0,1942-08-24,6.1,60.0,54%
8,Victory Through Air Power,Walt Disney Productions,United States,English,65.0,788000.0,799000.0,1943-07-17,6.5,72.5,54%
9,The Three Caballeros,Walt Disney Productions,United States,"['English', 'Spanish', 'Portuguese']",71.0,1069000.0,3355000.0,1944-12-21,6.4,85.0,82%
10,Make Mine Music,Walt Disney Productions,United States,English,75.0,1350000.0,3275000.0,1946-04-20,6.3,60.0,70%
11,Song of the South,Walt Disney Productions,United States,English,94.0,2125000.0,65000000.0,1946-11-12,7.1,54.0,50%
12,Fun and Fancy Free,Walt Disney Productions,United States,English,73.0,1812500.0,3165000.0,1947-09-27,6.6,66.0,67%
13,Melody Time,Walt Disney Productions,United States,English,75.0,1500000.0,2560000.0,1948-05-27,6.3,69.0,80%
14,So Dear to My Heart,Walt Disney Productions,United States,English,82.0,1500000.0,3700000.0,1948-11-29,6.8,71.5,52%
15,The Adventures of Ichabod and Mr. Toad,Walt Disney Productions,United States,English,68.0,2200000.0,1625000.0,1949-10-05,7.0,74.0,94%
16,Cinderella,Walt Disney Productions,United States,English,74.0,2900000.0,263600000.00000003,1950-02-15,6.9,67.0,83%
17,Treasure Island,Walt Disney Productions,"['United States', 'United Kingdom']",English,96.0,1800000.0,4100000.0,1950-06-22,6.9,89.0,51%
18,Alice in Wonderland,Walt Disney Productions,United States,English,75.0,3000000.0,5600000.0,1951-07-26,6.4,53.0,51%
19,The Story of Robin Hood and His Merrie Men,"['Walt Disney Productions', 'RKO Radio Pictures, Inc.']","['United States', 'United Kingdom']",English,84.0,3500000.0,2100000.0,1952-03-13,6.7,64.0,67%
20,Peter Pan,Walt Disney Productions,United States,English,77.0,4000000.0,87400000.0,1953-02-05,7.3,76.0,81%
21,The Sword and the Rose,Walt Disney Productions,"['United Kingdom', 'United States']",English,92.0,2000000.0,1000000.0,1953-08-08,6.4,72.5,35%
22,The Living Desert,Walt Disney Productions,United States,English,69.0,300000.0,2600000.0,1953-11-10,7.5,69.0,74%
23,"Rob Roy, the Highland Rogue",Walt Disney Productions,"['United Kingdom', 'United States']",English,81.0,1800000.0,2175000.0,1953-10-26,6.3,73.66666666666667,36%
24,The Vanishing Prairie,Walt Disney Productions,United States,English,60.0,3400000.0,1750000.0,1954-08-17,7.7,78.33333333333333,81%
25,"20,000 Leagues Under the Sea",Walt Disney Productions,United States,English,127.0,5000000.0,28200000.0,1954-12-23,7.2,83.0,89%
26,"Davy Crockett, King of the Wild Frontier",Walt Disney Productions,United States,English,92.0,4500000.0,2150000.0,1955-05-25,7.0,80.5,100%
27,Lady and the Tramp,Walt Disney Productions,United States,English,76.0,4000000.0,187000000.0,1955-06-22,7.3,78.0,93%
28,The African Lion,Walt Disney Productions,United States,English,75.0,3528571.4285714286,2100000.0,1955-09-14,7.2,78.66666666666667,77%
29,The Littlest Outlaw,Walt Disney Productions,"United States, Mexico","English, Spanish",73.0,3057142.8571428573,1600000.0,1955-12-22,6.1,79.33333333333333,50%
30,The Great Locomotive Chase,Walt Disney Productions,United States,English,85.0,2585714.2857142854,1700000.0,1956-06-08,6.9,80.0,53%
31,Davy Crockett and the River Pirates,Walt Disney Productions,United States,English,81.0,2114285.7142857146,2050000.0,1956-07-18,6.8,80.66666666666667,73%
32,Secrets of Life,Walt Disney Productions,United States,English,70.0,1642857.1428571427,2400000.0,1956-11-06,7.8,81.33333333333333,50%
33,Westward Ho the Wagons!,Walt Disney Productions,United States,English,90.0,1171428.5714285714,2750000.0,1956-12-20,5.8,82.0,49%
34,Johnny Tremain,Walt Disney Productions,United States,English,80.0,700000.0,2250000.0,1957-06-19,6.5,82.66666666666667,49%
35,Perri,Walt Disney Productions,United States,English,75.0,1583333.3333333335,1750000.0,1957-08-28,7.2,83.33333333333333,67%
36,Old Yeller,Walt Disney Productions,United States,English,83.0,2466666.666666667,6250000.0,1957-12-25,7.3,84.0,100%
37,The Light in the Forest,Walt Disney Productions,United States,English,83.0,3350000.0,4025000.0,1958-07-08,6.5,84.25,36%
38,White Wilderness,Walt Disney Productions,"['United States', 'Canada']",English,72.0,4233333.333333334,1800000.0,1958-08-12,5.1,84.5,25%
39,Tonka,Walt Disney Productions,United States,English,97.0,5116666.666666667,2500000.0,1958-12-25,6.5,84.75,71%
40,Sleeping Beauty,Walt Disney Productions,United States,English,75.0,6000000.0,51600000.0,1959-01-29,7.2,85.0,89%
41,The Shaggy Dog,Walt Disney Productions,United States,English,104.0,1000000.0,12300000.0,1959-03-19,4.4,43.0,26%
42,Darby O'Gill and the Little People,Walt Disney Productions,United States,English,93.0,1500000.0,7000000.0,1959-06-24,7.2,80.0,100%
43,Third Man on the Mountain,Walt Disney Productions,United States,English,105.0,2000000.0,1700000.0,1959-11-10,7.1,77.28571428571429,76%
44,Toby Tyler,Walt Disney Productions,United States,English,95.0,2166666.6666666665,3100000.0,1960-01-21,7.0,74.57142857142857,67%
45,Kidnapped,Walt Disney Productions,United States,"English, Scots",97.0,2333333.3333333335,3425000.0,1960-02-24,7.6,71.85714285714286,86%
46,Pollyanna,Walt Disney Productions,United States,English,134.0,2500000.0,3750000.0,1960-05-19,7.4,69.14285714285714,86%
47,Jungle Cat,Walt Disney Productions,United States,English,69.0,3000000.0,2300000.0,1960-08-10,7.4,66.42857142857143,71%
48,Ten Who Dared,Walt Disney Productions,United States,English,92.0,3500000.0,21150000.0,1960-11-01,5.7,63.714285714285715,25%
49,Swiss Family Robinson,Walt Disney Productions,United States,English,126.0,4000000.0,40000000.0,1960-12-21,7.2,61.0,82%
50,One Hundred and One Dalmatians,Walt Disney Productions,United States,English,79.0,3600000.0,303000000.0,1961-01-25,7.3,83.0,98%
51,The Absent-Minded Professor,Walt Disney Productions,United States,English,97.0,3480000.0,25400000.0,1961-03-16,7.166666666666667,77.4,55%
52,The Parent Trap (simply known as The Parent Trap: A Laugh Affair ),Walt Disney Productions,United States,English,128.0,3360000.0,25100000.0,1961-06-21,7.033333333333333,71.8,55%
53,"Nikki, Wild Dog of the North",Walt Disney Productions,United States,English,74.0,3240000.0,18266666.666666668,1961-07-12,6.9,66.2,55%
54,Greyfriars Bobby,Walt Disney Productions,United States,English,91.0,3120000.0,11433333.333333334,1961-07-17,7.3,60.6,100%
55,Babes in Toyland,Walt Disney Productions,United States,English,105.0,3000000.0,4600000.0,1961-12-14,6.3,55.0,36%
56,Moon Pilot,Walt Disney Productions,United States,English,98.0,3000000.0,3500000.0,1962-04-05,5.4,57.90909090909091,55%
57,Bon Voyage!,Walt Disney Productions,United States,English,130.0,3000000.0,5000000.0,1962-05-17,5.8,60.81818181818182,36%
58,Big Red,Walt Disney Productions,United States,English,89.0,3000000.0,9186375.0,1962-06-06,6.5,63.72727272727273,48%
59,Almost Angels,Walt Disney Productions,United States,English,93.0,3000000.0,13372750.0,1962-09-26,6.6,66.63636363636364,74%
60,The Legend of Lobo,Walt Disney Productions,United States,English,67.0,3000000.0,17559125.0,1962-11-07,7.0,69.54545454545455,33%
61,In Search of the Castaways,Walt Disney Productions,United States,English,98.0,3000000.0,21745500.0,1962-11-14,6.6,72.45454545454545,63%
62,Son of Flubber,Walt Disney Productions,United States,English,100.0,3000000.0,22100000.0,1963-01-16,6.1,75.36363636363636,86%
63,Miracle of the White Stallions,Walt Disney Productions,United States,English,118.0,3000000.0,2550000.0,1963-03-29,6.6,78.27272727272728,72%
64,Savage Sam,Walt Disney Productions,United States,English,103.0,3000000.0,3000000.0,1963-06-01,6.2,81.18181818181819,50%
65,Summer Magic,Walt Disney Productions,United States,English,110.0,3000000.0,4350000.0,1963-07-07,7.1,84.0909090909091,76%
66,The Incredible Journey,Walt Disney Productions,"['United States', 'Canada']",English,80.0,3000000.0,4200000.0,1963-11-20,7.1,87.0,89%
67,The Sword in the Stone,Walt Disney Productions,United States,English,79.0,3000000.0,22200000.0,1963-12-25,7.2,61.0,66%
68,A Tiger Walks,Walt Disney Productions,United States,English,91.0,2400000.88,1600000.0,1964-03-12,6.5,66.4,54%
69,The Misadventures of Merlin Jones,Walt Disney Productions,United States,English,91.0,1800001.76,4000000.0,1964-02-11,6.4,71.8,63%
70,The Three Lives of Thomasina,Walt Disney Productions,"['United Kingdom', 'United States']","['English', 'Gaelic']",97.0,1200002.6400000001,2250000.0,1963-12-11,7.2,77.2,73%
71,The Moon-Spinners,Walt Disney Productions,United States,English,118.0,600003.52,3500000.0,1964-07-02,6.7,82.6,61%
72,Mary Poppins,Walt Disney Productions,United States,English,139.0,4.4,103100000.0,1964-08-27,7.8,88.0,100%
73,Emil and the Detectives,Walt Disney Productions,United States,English,92.0,333337.3666666667,1275000.0,1964-12-18,6.0,83.75,56%
74,Those Calloways,Walt Disney Productions,United States,English,131.0,666670.3333333334,3500000.0,1965-01-28,6.7,79.5,56%
75,The Monkey's Uncle,Walt Disney Productions,United States,English,87.0,1000003.3,4000000.0,1965-08-18,6.1,75.25,42%
76,That Darn Cat!,Walt Disney Productions,United States,English,116.0,1333336.2666666666,28068222.0,1965-12-02,6.8,71.0,94%
77,The Ugly Dachshund,Walt Disney Productions,United States,English,93.0,1666669.2333333334,6200000.0,1966-02-04,6.7,71.75,74%
78,"Lt. Robin Crusoe, U.S.N.",Walt Disney Productions,United States,English,110.0,2000002.2,22565634.0,1966-06-25,6.1,72.5,41%
79,The Fighting Prince of Donegal,Walt Disney Productions,"['United Kingdom', 'United States']",English,110.0,2333335.1666666665,19386375.0,1966-10-01,6.2,73.25,9%
80,"Follow Me, Boys!",Walt Disney Productions,United States,English,131.0,2666668.1333333333,16207116.0,1966-12-01,7.2,74.0,77%
81,"Monkeys, Go Home!",Walt Disney Productions,United States,English,101.0,3000001.1,3000000.0,1967-02-08,5.9,74.75,45%
82,The Adventures of Bullwhip Griffin,Walt Disney Productions,United States,English,108.0,3333334.066666667,1900000.0,1967-03-08,6.5,75.5,50%
83,The Gnome-Mobile,Walt Disney Productions,United States,English,84.0,3666667.033333333,4000000.0,1967-07-12,6.6,76.25,58%
84,The Jungle Book,Walt Disney Productions,United States,English,78.0,4000000.0,378000000.0,1967-10-18,7.4,77.0,94%
85,"Charlie, the Lonesome Cougar",Walt Disney Productions,United States,English,75.0,4500000.0,191500000.0,1967-10-18,6.9,75.0,62%
86,The Happiest Millionaire,Walt Disney Productions,United States,English,164.0,5000000.0,5000000.0,1967-06-23,6.8,73.0,50%
87,Blackbeard's Ghost,Walt Disney Productions,United States,English,106.0,5000000.0,21540050.0,1968-02-08,6.9,71.0,82%
88,"The One and Only, Genuine, Original Family Band",Walt Disney Productions,United States,English,110.0,5000000.0,2250000.0,1968-03-21,6.5,65.25,62%
89,Never a Dull Moment,Walt Disney Productions,United States,English,99.0,5000000.0,4150000.0,1968-06-26,6.2,59.5,51%
90,The Horse in the Gray Flannel Suit,Walt Disney Productions,United States,English,113.0,5000000.0,3300000.0,1968-12-20,6.5,53.75,70%
91,The Love Bug,Walt Disney Productions,United States,English,108.0,5000000.0,51264000.0,1968-12-24,6.5,48.0,76%
92,Smith!,Walt Disney Productions,United States,English,112.0,4857142.857142857,1300000.0,1969-03-21,6.0,50.0,44%
93,Rascal,Walt Disney Productions,United States,English,93.0,4714285.714285715,3400000.0,1969-06-11,6.5,52.0,44%
94,The Computer Wore Tennis Shoes,Walt Disney Productions,United States,English,91.0,4571428.571428571,5500000.0,1969-12-31,6.1,54.0,50%
95,King of the Grizzlies,Walt Disney Productions,"['United States', 'Canada']",English,93.0,4428571.428571428,12053746.0,1970-02-11,5.8,57.0,27%
96,The Boatniks,Walt Disney Productions,United States,English,100.0,4285714.285714285,18607492.0,1970-07-01,5.5,60.0,49%
97,The Wild Country,Walt Disney Productions,United States,English,100.0,4142857.1428571427,4000000.0,1970-12-15,6.4,63.0,64%
98,The Aristocats,Walt Disney Productions,United States,English,79.0,4000000.0,191000000.0,1970-12-11,7.1,66.0,64%
99,The Barefoot Executive,Walt Disney Productions,United States,English,96.0,4575000.0,129033333.33333334,1971-03-17,6.0,55.0,83%
100,Scandalous John,Walt Disney Productions,United States,English,113.0,5150000.0,67066666.66666667,1971-06-22,6.2,50.0,20%
101,Million Dollar Duck,Walt Disney Productions,United States,English,89.0,5725000.0,5100000.0,1971-06-30,5.9,45.0,17%
102,Bedknobs and Broomsticks,Walt Disney Productions,United States,English,118.0,6300000.0,17900000.0,1971-10-07,7.1,59.0,66%
103,The Biscuit Eater,Walt Disney Productions,United States,English,92.0,6155555.555555556,11255000.0,1972-03-22,5.7,58.333333333333336,48%
104,"Now You See Him, Now You Don't",Walt Disney Productions,United States,English,88.0,6011111.111111111,4610000.0,1972-07-12,6.3,57.666666666666664,80%
105,Napoleon and Samantha,Walt Disney Productions,United States,English,92.0,5866666.666666667,5106666.666666667,1972-07-05,6.0,57.0,43%
106,"Run, Cougar, Run",Walt Disney Productions,United States,English,87.0,5722222.222222222,5603333.333333333,1972-10-18,6.4,56.333333333333336,60%
107,Snowball Express,Walt Disney Productions,United States,English,93.0,5577777.777777778,6100000.0,1972-12-22,6.5,55.666666666666664,60%
108,The World's Greatest Athlete,Walt Disney Productions,United States,English,93.0,5433333.333333333,22583370.0,1973-02-01,5.8,55.0,34%
109,Charley and the Angel,Walt Disney Productions,United States,English,93.0,5288888.888888889,12291685.0,1973-03-23,6.2,54.333333333333336,33%
110,One Little Indian,Walt Disney Productions,United States,English,90.0,5144444.444444444,2000000.0,1973-06-20,6.3,53.666666666666664,38%
111,Robin Hood,Walt Disney Productions,United States,English,83.0,5000000.0,32000000.0,1973-11-08,6.6,53.0,43%
112,Superdad,Walt Disney Productions,United States,English,96.0,5600000.0,7000000.0,1973-12-14,5.3,51.0,33%
113,Herbie Rides Again,Walt Disney Productions,United States,English,88.0,6200000.0,38229000.0,1974-06-06,5.7,49.0,80%
114,The Bears and I,Walt Disney Productions,United States,English,89.0,6800000.0,4000000.0,1974-07-31,6.2,52.5,33%
115,The Castaway Cowboy,Walt Disney Productions,United States,English,91.0,7400000.0,7000000.0,1974-08-01,5.9,56.0,29%
116,The Island at the Top of the World,Walt Disney Productions,United States,"['English', 'Swedish', 'Norwegian', 'Danish', 'Icelandic']",93.0,8000000.0,10000000.0,1974-12-20,6.3,59.5,43%
117,The Strongest Man in the World,Walt Disney Productions,United States,English,92.0,6833333.333333333,6600000.0,1975-02-06,6.1,63.0,39%
118,Escape to Witch Mountain,Walt Disney Productions,United States,English,97.0,5666666.666666666,20000000.0,1975-03-21,6.4,60.0,76%
119,The Apple Dumpling Gang,Walt Disney Productions,United States,English,100.0,4500000.0,36853000.0,1975-07-24,6.5,59.0,56%
120,One of Our Dinosaurs is Missing,Walt Disney Productions,"['United Kingdom', 'United States']",English,100.0,3333333.333333333,5500000.0,1975-07-09,6.0,57.833333333333336,68%
121,The Best of Walt Disney's True-Life Adventures,Walt Disney Productions,United States,English,89.0,2166666.666666666,8774600.0,1975-10-08,7.1,56.666666666666664,60%
122,Ride a Wild Pony,Walt Disney Productions,"['United States', 'Australia']",English,91.0,1000000.0,12049200.0,1975-12-25,6.3,55.5,60%
123,"No Deposit, No Return",Walt Disney Productions,United States,English,112.0,1800000.0,15323800.0,1976-02-11,6.5,54.333333333333336,68%
124,Treasure of Matecumbe,Walt Disney Productions,United States,English,115.0,2600000.0,18598400.0,1976-07-01,6.2,53.166666666666664,46%
125,Gus,Walt Disney Productions,United States,English,95.0,3400000.0,21873000.0,1976-07-07,5.9,52.0,58%
126,The Shaggy D.A.,Walt Disney Productions,United States,English,91.0,4200000.0,10500000.0,1976-12-17,5.9,60.0,50%
127,Freaky Friday,Walt Disney Productions,United States,English,95.0,5000000.0,36000000.0,1976-12-20,6.2,70.0,88%
128,Escape from the Dark,Walt Disney Productions,"['United Kingdom', 'United States']",English,104.0,5625000.0,69250000.0,1976-05-26,6.9,71.0,100%
129,The Many Adventures of,Walt Disney Productions,United States,English,74.0,6250000.0,102500000.0,1977-03-11,7.6,72.0,100%
130,A Tale of Two Critters,Walt Disney Productions,United States,English,48.0,6875000.0,135750000.0,1977-06-22,7.1,73.0,81%
131,The Rescuers,Walt Disney Productions,United States,English,77.0,7500000.0,169000000.0,1977-06-22,6.9,74.0,81%
132,Herbie Goes to Monte Carlo,Walt Disney Productions,United States,English,104.0,8750000.0,29000000.0,1977-06-24,5.7,38.0,60%
133,Pete's Dragon,Walt Disney Productions,United States,English,128.0,10000000.0,36.0,1977-11-03,6.7,71.0,88%
134,Candleshoe,Walt Disney Productions,United States,English,101.0,7833333.333333334,3488548.5,1977-12-16,6.8,68.0,71%
135,Return from Witch Mountain,Walt Disney Productions,United States,English,94.0,5666666.666666667,6977061.0,1978-03-10,5.8,51.0,50%
136,The Cat from Outer Space,Walt Disney Productions,United States,English,104.0,3500000.0,10465573.5,1978-06-30,6.1,58.0,67%
137,Hot Lead and Cold Feet,Walt Disney Productions,United States,English,90.0,3937500.0,13954086.0,1978-07-05,6.2,51.0,65%
138,The North Avenue Irregulars,Walt Disney Productions,United States,English,100.0,4375000.0,17442598.5,1979-02-09,6.8,44.0,78%
139,The Apple Dumpling Gang Rides Again,Walt Disney Productions,United States,English,88.0,4812500.0,20931111.0,1979-06-27,6.2,37.0,54%
140,Unidentified Flying Oddball,Walt Disney Productions,"['United Kingdom', 'United States']",English,93.0,5250000.0,28365555.5,1979-07-19,5.3,66.0,32%
141,The Black Hole,Walt Disney Productions,United States,English,98.0,20000000.0,35800000.0,1979-12-18,6.0,52.0,38%
142,The Omega Connection,Walt Disney Productions,United States,English,100.0,16333333.333333334,19350000.0,1979-12-21,6.2,40.0,70%
143,Midnight Madness,Walt Disney Productions,United States,English,112.0,12666666.666666668,2900000.0,1980-02-08,6.4,28.0,70%
144,The Watcher in the Woods,Walt Disney Productions,United States,English,84.0,9000000.0,5000000.0,1980-04-17,6.3,41.5,50%
145,Herbie Goes Bananas,Walt Disney Productions,United States,English,98.0,7500000.0,18000000.0,1980-06-27,5.0,55.0,40%
146,The Last Flight of Noah's Ark,Walt Disney Productions,United States,English,97.0,6000000.0,11000000.0,1980-07-09,5.8,59.5,40%
147,Popeye,"['Paramount Pictures', 'Walt Disney Productions', 'Robert Evans Productions', 'King Features Entertainment']",United States,English,114.0,20000000.0,60000000.0,1980-12-06,5.3,64.0,61%
148,The Devil and Max Devlin,Walt Disney Productions,United States,English,96.0,19333333.333333332,16000000.0,1981-02-11,5.1,74.5,18%
149,Amy,Walt Disney Productions,United States,English,100.0,18666666.666666668,15050000.0,1981-03-20,7.8,85.0,95%
150,Dragonslayer,"['Paramount Pictures', 'Walt Disney Productions']",United States,English,109.0,18000000.0,14100000.0,1981-06-26,6.7,68.0,84%
151,The Fox and the Hound,Walt Disney Productions,United States,English,83.0,12000000.0,63500000.0,1981-07-10,7.3,65.0,70%
152,Condorman,Walt Disney Productions,United States,English,90.0,14000000.0,35750000.0,1981-08-07,5.7,62.666666666666664,23%
153,Night Crossing,Walt Disney Productions,"['United Kingdom', 'United States']",English,107.0,11000000.0,8000000.0,1982-02-05,6.5,60.333333333333336,80%
154,Tron,Walt Disney Productions (promoted under the auspices of Touchstone Films ),United States,English,96.0,8000000.0,7700000.0,1982-07-09,6.8,58.0,72%
155,Tex,Walt Disney Productions (promoted under the auspices of Touchstone Films ),United States,English,103.0,5000000.0,7400000.0,1982-07-30,6.5,78.0,85%
156,Trenchcoat,Walt Disney Productions,United States,English,91.0,12500000.0,4304286.0,1983-03-11,5.3,69.0,33%
157,Something Wicked This Way Comes,"['Walt Disney Productions', 'Bryna Productions']",United States,English,95.0,20000000.0,8400000.0,1983-04-29,6.8,60.0,60%
158,Never Cry Wolf,"['Walt Disney Pictures', 'Amarok Productions Ltd.']",United States,"['English', 'Inuktitut']",105.0,11000000.0,27600000.0,1983-10-07,7.5,51.0,100%
159,Return to Oz,"['Walt Disney Pictures', 'Silver Screen Partners II']","['United States', 'United Kingdom']",English,113.0,28000000.0,11100000.0,1985-06-21,6.7,42.0,53%
160,The Black Cauldron,"['Walt Disney Pictures', 'Walt Disney Feature Animation', 'Silver Screen Partners II']",United States,English,80.0,44000000.0,21300000.0,1985-07-26,6.4,59.0,53%
161,The Journey of Natty Gann,"['Walt Disney Pictures', 'Silver Screen Partners II']",United States,English,101.0,34000000.0,9700000.0,1985-09-27,7.1,66.0,91%
162,One Magic Christmas,"['Walt Disney Pictures', 'Silver Screen Partners II', 'Telefilm Canada']","['United States', 'Canada']",English,89.0,24000000.0,13000000.0,1985-11-22,6.5,69.5,47%
163,The Great Mouse Detective,"['Walt Disney Pictures', 'Walt Disney Feature Animation', 'Silver Screen Partners II']",United States,English,74.0,14000000.0,38700000.0,1986-07-02,7.2,73.0,80%
164,Flight of the Navigator,"['PSO Productions', 'Viking Film AS']","['United States', 'Norway']",English,90.0,9000000.0,18564613.0,1986-08-01,6.9,64.0,84%
165,Benji the Hunted,"['Walt Disney Pictures', 'Mulberry Square Productions', 'Silver Screen Partners III']",United States,English,89.0,8850000.0,22300000.0,1987-06-05,6.3,53.0,55%
166,The Man from Snowy River II,"['Walt Disney Pictures', 'Silver Screen Partners III', 'Burrowes Film Group', 'The Hoyts Group']",Australia,English,110.0,8700000.0,13687027.0,1988-03-24,6.5,55.5,50%
167,Oliver & Company,"['Walt Disney Pictures', 'Walt Disney Feature Animation', 'Silver Screen Partners III']",United States,English,74.0,31000000.0,121000000.0,1988-11-18,6.7,58.0,50%
168,"Honey, I Shrunk the Kids","['Walt Disney Pictures', 'Silver Screen Partners III']",United States,English,93.0,18000000.0,222700000.0,1989-06-23,6.4,63.0,77%
169,Cheetah,"['Walt Disney Pictures', 'Silver Screen Partners III']",United States,English,84.0,5000000.0,8153677.0,1989-08-18,6.1,75.5,50%
170,The Little Mermaid,"['Walt Disney Pictures', 'Walt Disney Feature Animation', 'Silver Screen Partners IV']",United States,English,83.0,40000000.0,13126838.5,1989-11-17,7.6,88.0,93%
171,DuckTales the Movie: Treasure of the Lost Lamp,"['Walt Disney Pictures', 'Walt Disney Feature Animation', 'Silver Screen Partners IV']",United States,English,69.0,20000000.0,18100000.0,1990-08-03,6.9,79.0,88%
172,The Rescuers Down Under,"['Walt Disney Pictures', 'Walt Disney Feature Animation', 'Silver Screen Partners IV']",United States,English,77.0,17000000.0,47400000.0,1990-11-16,6.9,70.0,70%
173,White Fang,"['Walt Disney Pictures', 'Silver Screen Partners IV']",United States,English,107.0,14000000.0,34800000.0,1991-01-18,6.7,62.0,65%
174,Shipwrecked,"['Walt Disney Pictures', 'AB Svensk Filmindustri']","['Norway', 'Sweden', 'United States']","['Norwegian', 'English']",93.0,8700000.0,15100000.0,1990-10-03,6.7,61.666666666666664,69%
175,Wild Hearts Can't Be Broken,Walt Disney Pictures,United States,English,88.0,21850000.0,7300000.0,1991-05-24,7.3,61.333333333333336,73%
176,The Rocketeer,Walt Disney Pictures,United States,English,108.0,35000000.0,46700000.0,1991-06-21,6.5,61.0,66%
177,Beauty and the Beast,Walt Disney Pictures,United States,English,84.0,25000000.0,440100000.0,1991-09-29,8.0,95.0,94%
178,Newsies,Walt Disney Pictures,United States,English,121.0,15000000.0,2800000.0,1992-04-10,7.0,46.0,39%
179,"Honey, I Blew Up the Kid","['Walt Disney Pictures', 'Touchwood Pacific Partners']",United States,English,89.0,40000000.0,58700000.0,1992-07-17,4.9,50.0,40%
180,The Mighty Ducks,"['Walt Disney Pictures', 'Avnet– Kerner Productions', 'Touchwood Pacific Partners']",United States,English,104.0,14000000.0,50800000.0,1992-10-02,6.5,46.0,23%
181,Aladdin,Walt Disney Pictures,United States,English,90.0,28000000.0,504100000.0,1992-11-25,8.0,86.0,95%
182,The Muppet Christmas Carol,Walt Disney Pictures,United States,English,86.0,12000000.0,27200000.0,1992-12-11,7.7,64.0,76%
183,Homeward Bound: The Incredible Journey,Walt Disney Pictures,United States,English,84.0,10166666.666666666,41800000.0,1993-02-03,6.9,63.2,87%
184,A Far Off Place,"['Walt Disney Pictures', 'Amblin Entertainment', 'Touchwood Pacific Partners']",United States,English,108.0,8333333.333333334,12900000.0,1993-03-12,6.6,62.4,45%
185,The Adventures of Huck Finn,Walt Disney Pictures,United States,English,107.0,6500000.0,24100000.0,1993-04-02,6.2,61.6,73%
186,Hocus Pocus,Walt Disney Pictures,United States,English,96.0,28000000.0,44900000.0,1993-07-16,6.9,60.8,38%
187,Cool Runnings,Walt Disney Pictures,United States,English,98.0,17000000.0,154900000.0,1993-10-01,7.0,60.0,76%
188,The Three Musketeers,"['Walt Disney Pictures', 'Caravan Pictures', 'Avnet–Kerner Productions (uncredited)']","['United States', 'Austria']",English,105.0,30000000.0,53900000.0,1993-11-12,5.7,35.0,26%
189,Iron Will,Walt Disney Pictures,United States,English,108.0,21500000.0,21000000.0,1994-01-14,6.6,56.0,62%
190,Blank Check,Walt Disney Pictures,United States,English,94.0,13000000.0,30600000.0,1994-02-11,5.3,42.0,9%
191,D2: The Mighty Ducks,"['Walt Disney Pictures', 'Avnet–Kerner Productions']",United States,English,106.0,23666666.666666664,45600000.0,1994-03-25,6.1,57.333333333333336,20%
192,White Fang 2: Myth of the White Wolf,Walt Disney Pictures,United States,English,102.0,34333333.33333333,8878839.0,1994-04-15,5.4,72.66666666666667,71%
193,The Lion King,"['Walt Disney Pictures', 'Walt Disney Feature Animation']",United States,English,88.0,45000000.0,968500000.0,1994-06-15,8.5,88.0,93%
194,Angels in the Outfield,"['Walt Disney Pictures', 'Caravan Pictures']",United States,English,102.0,31000000.0,50200000.0,1994-07-15,6.2,44.0,33%
195,Squanto: A Warrior's Tale,Walt Disney Pictures,"['United States', 'Canada']",English,102.0,26500000.0,3337685.0,1994-10-28,6.0,50.5,60%
196,The Santa Clause,"['Walt Disney Pictures', 'Hollywood Pictures', 'Outlaw Productions']",United States,English,97.0,22000000.0,189800000.0,1994-11-11,6.5,57.0,72%
197,Rudyard Kipling's The Jungle Book,"['Walt Disney Pictures', 'Caravan Pictures']",United States,English,111.0,30000000.0,43200000.0,1994-12-25,6.6,49.5,29%
198,Heavyweights,"['Walt Disney Pictures', 'Caravan Pictures']",United States,English,100.0,26000000.0,17600000.0,1995-02-17,6.7,42.0,29%
199,Man of the House,"['Walt Disney Pictures', 'All Girl Productions', 'Orr & Cruickshank Productions']",United States,English,96.0,22000000.0,40070995.0,1995-03-03,5.4,35.0,9%
200,Tall Tale,"['Walt Disney Pictures', 'Caravan Pictures']",United States,English,98.0,32000000.0,11000000.0,1995-03-24,5.9,42.666666666666664,50%
201,A Goofy Movie,"['Walt Disney Pictures', 'Walt Disney Feature Animation']",United States,English,78.0,43500000.0,35300000.0,1995-04-07,6.9,50.333333333333336,58%
202,Pocahontas,"['Walt Disney Pictures', 'Walt Disney Feature Animation']",United States,English,81.0,55000000.0,346100000.0,1995-06-23,6.7,58.0,55%
203,Operation Dumbo Drop,"['Walt Disney Pictures', 'Interscope Communications', 'PolyGram Filmed Entertainment']","['United Kingdom', 'United States']","['English', 'Vietnamese']",108.0,24000000.0,24670346.0,1995-07-28,5.1,48.0,31%
204,A Kid in King Arthur's Court,"['Walt Disney Pictures', 'Trimark Pictures', 'Tapestry Films']","['United Kingdom', 'United States']",English,89.0,15000000.0,13400000.0,1995-08-11,4.7,34.0,5%
205,The Big Green,"['Walt Disney Pictures', 'Caravan Pictures', 'Roger Birnbaum Productions']",United States,English,99.0,12000000.0,17700000.0,1995-09-29,5.6,54.33333333333333,0%
206,Frank and Ollie,"['Walt Disney Pictures', 'Theodore Thomas Productions']",United States,English,89.0,21000000.0,195350000.0,1995-01-22,7.8,74.66666666666666,88%
207,Toy Story,Walt Disney Pictures,United States,English,81.0,30000000.0,373000000.0,1995-11-19,8.3,95.0,100%
208,Tom and Huck,Walt Disney Pictures,United States,English,92.0,30500000.0,23900000.0,1995-12-22,5.5,79.5,25%
209,Muppet Treasure Island,"['Walt Disney Pictures', 'Jim Henson Productions']",United States,English,100.0,31000000.0,34300000.0,1996-02-16,7.0,64.0,70%
210,Homeward Bound II: Lost in San Francisco,Walt Disney Pictures,United States,English,89.0,34500000.0,32700000.000000004,1996-03-08,6.0,71.0,53%
211,James and the Giant Peach,"['Walt Disney Pictures', 'Allied Filmmakers', 'Skellington Productions']","['United Kingdom', 'United States']",English,79.0,38000000.0,28900000.0,1996-04-12,6.7,78.0,91%
212,The Hunchback of Notre Dame,"['Walt Disney Pictures', 'Walt Disney Feature Animation']",United States,English,91.0,100000000.0,325300000.0,1996-06-21,6.9,74.0,71%
213,First Kid,"['Walt Disney Pictures', 'Caravan Pictures', 'Roger Birnbaum Productions']",United States,English,101.0,15000000.0,26491793.0,1996-08-30,5.3,48.0,20%
214,D3: The Mighty Ducks,"['Walt Disney Pictures', 'Avnet-Kerner Productions']",United States,English,104.0,45000000.0,22900000.0,1996-10-04,5.5,48.5,20%
215,101 Dalmatians,"['Walt Disney Pictures', 'Great Oaks Entertainment']",United States,English,103.0,75000000.0,320700000.0,1996-11-27,5.7,49.0,41%
216,That Darn Cat,"['Walt Disney Pictures', 'Robert Simonds Productions']",United States,English,86.0,53500000.0,18300000.0,1997-02-14,4.7,36.0,13%
217,Jungle 2 Jungle,"['Walt Disney Pictures', 'TF1 International']","['United States', 'France']",English,105.0,32000000.0,59900000.0,1997-03-07,5.2,42.0,19%
218,Hercules,"['Walt Disney Pictures', 'Mandeville Films', 'Jay Ward Productions', 'The Kerner Entertainment Company']",United States,English,93.0,85000000.0,252700000.0,1997-06-13,7.3,74.0,84%
219,George of the Jungle,"['Walt Disney Pictures', 'Mandeville Films', 'Jay Ward Productions', 'The Kerner Entertainment Company']",United States,English,92.0,55000000.0,174400000.0,1997-07-16,5.5,53.0,56%
220,Air Bud,"['Keystone Pictures', 'Buddy Films, Inc.']","['United States', 'Canada']",English,98.0,3000000.0,27800000.0,1997-08-01,5.2,61.0,45%
221,RocketMan,"['Walt Disney Pictures', 'Caravan Pictures', 'Roger Birnbaum Productions']",United States,English,95.0,16000000.0,15400000.0,1997-10-10,7.3,69.0,24%
222,Flubber,"['Walt Disney Pictures', 'Great Oaks']",United States,English,93.0,80000000.0,178000000.0,1997-11-16,5.3,37.0,24%
223,Mr. Magoo,"['Walt Disney Pictures', 'UPA Productions']",United States,English,87.0,30000000.0,28900000.0,1997-12-25,4.0,18.0,7%
224,Meet the Deedles,"['Walt Disney Pictures', 'DIC Entertainment', 'Peak Productions']",United States,English,93.0,24000000.0,4400000.0,1998-03-27,4.1,44.5,7%
225,Mulan,"['Walt Disney Pictures', 'Walt Disney Feature Animation']",United States,English,87.0,90000000.0,304300000.0,1998-06-19,7.6,71.0,86%
226,The Parent Trap,Walt Disney Pictures,United States,English,128.0,15000000.0,92100000.0,1998-07-29,6.5,64.0,86%
227,I'll Be Home for Christmas,"['Walt Disney Pictures', 'Mandeville Films']",United States,English,86.0,30000000.0,12200000.0,1998-11-13,5.5,70.5,23%
228,A Bug's Life,"['Walt Disney Pictures', 'Pixar Animation Studios']",United States,English,95.0,120000000.0,363300000.0,1998-11-20,7.2,77.0,92%
229,Mighty Joe Young,"['Walt Disney Pictures', 'RKO Pictures', 'The Jacobson Company']",United States,English,114.0,90000000.0,50600000.0,1998-12-25,5.6,51.0,54%
230,My Favorite Martian,Walt Disney Pictures,United States,English,93.0,65000000.0,36800000.0,1999-02-12,5.1,33.0,12%
231,Doug's 1st Movie,"['Walt Disney Pictures', 'Jumbo Pictures', 'Walt Disney Television Animation', 'Plus One Animation']",United States,English,83.0,5000000.0,19400000.0,1999-03-26,5.0,48.333333333333336,26%
232,Endurance,Walt Disney Pictures,"['United States', 'United Kingdom', 'Germany']",English,83.0,67500000.0,233800000.0,1999-05-14,7.4,63.66666666666667,100%
233,Tarzan,"['Asymmetrical Productions', 'Canal+', 'FilmFour Productions', 'Ciby 2000', 'Le Studio Canal+']",United States,English,88.0,130000000.0,448200000.0,1999-06-12,7.3,79.0,89%
234,Inspector Gadget,"['Asymmetrical Productions', 'Canal+', 'FilmFour Productions', 'Ciby 2000', 'Le Studio Canal+']",United States,English,78.0,90000000.0,134400000.0,1999-07-23,4.2,36.0,21%
235,The Straight Story,"['Asymmetrical Productions', 'Canal+', 'FilmFour Productions', 'Ciby 2000', 'Le Studio Canal+']","['United States', 'United Kingdom', 'France']",English,112.0,10000000.0,6200000.0,1999-11-13,8.0,86.0,95%
236,Toy Story 2,"['Walt Disney Pictures', 'Walt Disney Feature Animation']",United States,English,92.0,90000000.0,497400000.0,1999-11-13,7.9,88.0,100%
237,Fantasia 2000,"['Walt Disney Pictures', 'Walt Disney Feature Animation']",United States,English,74.0,85000000.0,90900000.0,1999-12-16,7.2,59.0,81%
238,The Tigger Movie,"['Walt Disney Pictures', 'Walt Disney Television Animation', 'Walt Disney Animation Japan']",United States,English,77.0,15000000.0,96200000.0,2000-02-11,6.3,53.0,62%
239,Dinosaur,"['Walt Disney Pictures', 'Walt Disney Feature Animation', 'The Secret Lab']",United States,English,82.0,127500000.0,349800000.0,2000-05-19,6.5,56.0,64%
240,The Kid,Walt Disney Pictures,United States,English,104.0,65000000.0,110300000.0,2000-07-07,8.3,52.0,100%
241,Remember The Titans,"['Walt Disney Pictures', 'Jerry Bruckheimer Films', 'Technical Black Films']",United States,English,113.0,30000000.0,136700000.0,2000-09-29,7.8,48.0,73%
242,102 Dalmatians,"['Walt Disney Pictures', 'Cruella Productions', 'Kanzaman S.A.M. Films']",United States,English,100.0,85000000.0,183600000.0,2000-11-22,4.9,35.0,31%
243,The Emperor's New Groove,"['Walt Disney Pictures', 'Walt Disney Feature Animation']",United States,English,78.0,100000000.0,169300000.0,2000-12-15,7.4,70.0,85%
244,Recess: School's Out,"['Walt Disney Pictures', 'Walt Disney Television Animation', 'Walt Disney Television Animation Digital Production', 'Paul & Joe Productions', 'Sunwoo Animation Sunwoo Digital International']",United States,English,83.0,23000000.0,44500000.0,2001-02-10,6.6,43.0,60%
245,Atlantis: The Lost Empire,"['Walt Disney Pictures', 'Walt Disney Feature Animation']",United States,English,96.0,90.0,186100000.0,2001-06-03,6.9,52.0,49%
246,The Princess Diaries,"['Walt Disney Pictures', 'BrownHouse Productions']",United States,English,115.0,26000000.0,165300000.0,2001-08-03,6.3,52.0,48%
247,Max Keeble's Big Move,"['Walt Disney Pictures', 'Karz Entertainment']",United States,English,86.0,25000000.0,18600000.0,2001-10-05,5.4,40.0,29%
248,"Monsters, Inc.","['Walt Disney Pictures', 'Pixar Animation Studios']",United States,English,92.0,115000000.0,577400000.0,2001-10-28,8.1,79.0,96%
249,Snow Dogs,"['Walt Disney Pictures', 'The Kerner Entertainment Company']",United States,English,99.0,33000000.0,115000000.0,2002-01-18,5.2,29.0,25%
250,Return to Never Land,Walt Disney Pictures,United States,English,73.0,20000000.0,115100000.0,2002-02-10,5.8,49.0,46%
251,The Rookie,Walt Disney Pictures,United States,English,128.0,22000000.0,80700000.0,2002-03-29,6.9,72.0,84%
252,Lilo & Stitch,"['Walt Disney Pictures', 'Walt Disney Feature Animation']",United States,English,85.0,80000000.0,273100000.0,2002-06-21,7.2,73.0,86%
253,The Country Bears,Walt Disney Pictures,United States,English,88.0,35000000.0,18000000.0,2002-07-21,4.1,37.0,31%
254,Spirited Away,Studio Ghibli,Japan,Japanese,125.0,15.0,18650000.0,2001-07-20,8.6,96.0,97%
255,Tuck Everlasting,"['Walt Disney Pictures', 'Scholastic Studios']",United States,English,96.0,15000000.0,19300000.0,2002-10-11,6.6,66.0,60%
256,The Santa Clause 2,"['Walt Disney Pictures', 'Outlaw Productions', 'Boxing Cat Films']",United States,English,104.0,65000000.0,172900000.0,2002-11-01,5.6,48.0,56%
257,Treasure Planet,"['Walt Disney Pictures', 'Walt Disney Feature Animation']",United States,English,95.0,140000000.0,109600000.0,2002-11-27,7.2,60.0,69%
258,The Jungle Book 2,"['DisneyToon Studios', 'Walt Disney Pictures']","['United States', 'Australia']",English,72.0,20000000.0,135700000.0,2003-02-14,5.4,38.0,18%
259,Piglet's Big Movie,"['DisneyToon Studios', 'Walt Disney Pictures']",United States,English,75.0,46000000.0,62900000.0,2003-03-16,6.2,62.0,70%
260,Ghosts of the Abyss,"['Walt Disney Pictures', 'Walden Media', 'Earthship Productions', 'Ascot Elite Entertainment Group', 'Golden Village', 'Telepool', 'UGC PH']",United States,English,61.0,13000000.0,28700000.0,2003-03-31,6.8,67.0,80%
261,Holes,"['Walt Disney Pictures', 'Walden Media', 'Phoenix Pictures', 'Chicago Pacific Entertainment']",United States,English,117.0,20000000.0,71400000.0,2003-04-18,7.0,71.0,78%
262,The Lizzie McGuire Movie,"['Walt Disney Pictures', 'Stan Rogow Productions']",United States,"['English', 'Italian']",94.0,17000000.0,55500000.0,2003-05-02,5.5,56.0,41%
263,Finding Nemo,"['Walt Disney Pictures', 'Pixar Animation Studios']",United States,English,100.0,94000000.0,940300000.0,2003-05-30,8.1,90.0,99%
264,Pirates of the Caribbean: The Curse of the Black Pearl,"['Walt Disney Pictures', 'Gunn Films']",United States,English,143.0,140000000.0,654300000.0,2003-06-28,8.0,63.0,79%
265,Freaky Friday,"['Walt Disney Pictures', 'Gunn Films']",United States,English,97.0,26000000.0,160800000.0,2003-08-04,6.2,70.0,88%
266,Brother Bear,"['Walt Disney Pictures', 'Walt Disney Feature Animation']",United States,English,85.0,46000000.0,250400000.0,2003-11-01,6.8,48.0,37%
267,The Haunted Mansion,Walt Disney Pictures,United States,English,86.0,90000000.0,182300000.0,2003-11-26,5.0,34.0,14%
268,The Young Black Stallion,"['Walt Disney Pictures', 'The Kennedy/Marshall Company']",United States,English,50.0,50000000.0,9638389.0,2003-12-25,5.6,51.0,45%
269,Teacher's Pet,"['Walt Disney Pictures', 'Walt Disney Television Animation', 'Toon City Animation']",United States,English,74.0,10000000.0,6500000.0,2004-01-16,7.1,59.5,86%
270,Miracle,"['Walt Disney Pictures', 'Mayhem Pictures']",United States,English,136.0,28000000.0,64500000.0,2004-02-06,7.5,68.0,81%
271,Confessions of a Teenage Drama Queen,Walt Disney Pictures,United States,English,89.0,15000000.0,33100000.0,2004-02-20,4.7,33.0,14%
272,Home on the Range,"['Walt Disney Pictures', 'Walt Disney Feature Animation']",United States,English,76.0,110000000.0,145500000.0,2004-04-02,5.4,50.0,53%
273,Sacred Planet,Walt Disney Pictures,"['Canada', 'Malaysia', 'United States']",English,40.0,110000000.0,1108356.0,2004-04-22,6.0,53.0,32%
274,Around the World in 80 Days,"['Walt Disney Pictures', 'Walden Media', 'Spanknyce Films', 'Mostow/Lieberman Productions']",United Kingdom,"['English', 'French', 'Mandarin Chinese', 'Hindi']",120.0,110000000.0,72200000.0,2004-06-13,5.9,49.0,32%
275,America's Heart and Soul,"['Walt Disney Pictures', 'Blacklight Films']",United States,English,84.0,77500000.0,314402.0,2004-07-02,5.85,46.0,26%
276,The Princess Diaries 2: Royal Engagement,"['Walt Disney Pictures', 'Jerry Bruckheimer Films', 'Junction Entertainment', 'Saturn Films']",United States,English,113.0,45000000.0,134700000.0,2004-08-11,5.8,43.0,26%
277,The Incredibles,"['Walt Disney Pictures', 'Jerry Bruckheimer Films', 'Junction Entertainment', 'Saturn Films']",United States,English,115.0,92000000.0,633000000.0,2004-10-27,8.0,90.0,46%
278,National Treasure,"['Walt Disney Pictures', 'Jerry Bruckheimer Films', 'Junction Entertainment', 'Saturn Films']",United States,English,131.0,100000000.0,347500000.0,2004-11-19,6.9,39.0,46%
279,Aliens of the Deep,"['Walt Disney Pictures', 'Walden Media', 'Earthship Productions']",United States,English,100.0,60000000.0,9000000.0,2005-01-28,6.4,71.0,84%
280,Pooh's Heffalump Movie,"['Walt Disney Pictures', 'Disneytoon Studios']",United States,English,68.0,20000000.0,52900000.0,2005-02-11,6.4,64.0,80%
281,The Pacifier,"['Walt Disney Pictures', 'Spyglass Entertainment']",United States,English,95.0,56000000.0,198600000.0,2005-03-04,5.6,30.0,21%
282,Ice Princess,"['Walt Disney Pictures', 'Bridget Johnson Films', 'On The Ice Productions']",United States,English,97.0,25000000.0,27600000.0,2005-03-18,6.0,55.0,52%
283,Herbie: Fully Loaded,"['Walt Disney Pictures', 'Robert Simonds Productions']",United States,English,101.0,50000000.0,144100000.0,2005-06-22,4.8,47.0,40%
284,Howl's Moving Castle,Studio Ghibli,Japan,Japanese,119.0,42500000.0,115250000.0,2004-09-05,8.2,80.0,87%
285,Sky High,"['Walt Disney Pictures', 'Gunn Films']",United States,English,100.0,35000000.0,86400000.0,2005-07-29,6.2,62.0,73%
286,Valiant,"['Vanguard Animation', 'Ealing Studios', 'UK Film Council', 'Take Film Partnerships', 'Odyssey Entertainment']","['United Kingdom', 'United States']",English,76.0,35000000.0,61700000.0,2005-03-25,5.5,45.0,32%
287,The Greatest Game Ever Played,Walt Disney Pictures,United States,English,120.0,25000000.0,15400000.0,2005-09-30,7.4,55.0,63%
288,Chicken Little,"['Walt Disney Pictures', 'Walt Disney Feature Animation']",United States,English,81.0,150000000.0,314400000.0,2005-10-30,5.7,48.0,37%
289,"The Chronicles of Narnia: The Lion, the Witch and the Wardrobe","['Walt Disney Pictures', 'Walden Media']","['United Kingdom', 'United States']",English,143.0,180000000.0,745000000.0,2005-12-07,6.9,75.0,76%
290,Glory Road,"['Walt Disney Pictures', 'Jerry Bruckheimer Films', 'Texas Western Productions', 'Glory Road Productions']",United States,English,106.0,30000000.0,42900000.0,2006-01-13,7.2,58.0,100%
291,Roving Mars,"['Walt Disney Pictures', 'White Mountain Films', 'The Kennedy/Marshall Company']",United States,English,40.0,1000000.0,11000000.0,2006-01-27,7.2,58.0,72%
292,Eight Below,"['Walt Disney Pictures', 'Spyglass Entertainment', 'Mandeville Films', 'The Kennedy/Marshall Company']",United States,English,120.0,40000000.0,120500000.0,2006-02-17,7.3,64.0,72%
293,The Shaggy Dog,"['Walt Disney Pictures', 'Mandeville Films', 'Boxing Cat Films']",United States,English,99.0,50000000.0,87100000.0,2006-03-10,4.4,43.0,26%
294,The Wild,"['Walt Disney Pictures', 'Hoytyboy Pictures', 'Sir Zip Productions', 'Contrafilm', 'C.O.R.E. Feature Animation']","['United States', 'Canada']",English,82.0,80000000.0,102300000.0,2006-04-14,5.3,47.0,50%
295,Cars,"['Walt Disney Pictures', 'Pixar Animation Studios']",United States,English,117.0,120000000.0,462000000.0,2006-05-26,7.1,73.0,74%
296,Pirates of the Caribbean: Dead Man's Chest,Walt Disney Pictures,United States,English,151.0,225000000.0,1066000000.0,2006-06-24,7.3,53.0,53%
297,Invincible,Walt Disney Pictures,United States,English,104.0,30000000.0,58500000.0,2006-08-25,7.1,63.0,72%
298,The Nightmare Before Christmas,"['Touchstone Pictures', 'Skellington Productions']",United States,English,76.0,26000000.0,91500000.0,1993-10-29,8.0,82.0,95%
299,The Santa Clause 3: The Escape Clause,"['Walt Disney Pictures', 'Outlaw Productions', 'Boxing Cat Films']",United States,English,92.0,12000000.0,110800000.0,2006-11-03,4.8,32.0,17%
300,Bridge to Terabithia,"['Walt Disney Pictures', 'Walt Disney Animation Studios']",United States,English,95.0,20.0,138000000.0,2007-02-16,7.1,74.0,85%
301,Meet the Robinsons,"['Walt Disney Pictures', 'Walt Disney Animation Studios']",United States,English,94.0,150000000.0,169300000.0,2007-03-23,6.8,61.0,67%
302,Pirates of the Caribbean: At World's End,"['Leslie Iwerks Productions', 'Pixar Animation Studios']",United States,English,168.0,300000000.0,961000000.0,2007-05-19,7.1,50.0,44%
303,Ratatouille,"['Leslie Iwerks Productions', 'Pixar Animation Studios']",United States,English,111.0,150000000.0,620700000.0,2007-06-22,8.0,96.0,96%
304,Underdog,"['Leslie Iwerks Productions', 'Pixar Animation Studios']",United States,English,82.0,25000000.0,65300000.0,2007-08-03,4.7,37.0,16%
305,The Pixar Story,"['Leslie Iwerks Productions', 'Pixar Animation Studios']",United States,English,87.0,23500000.0,105950000.0,2007-08-28,7.8,40.5,86%
306,The Game Plan,"['Walt Disney Pictures', 'Mayhem Pictures']",United States,English,110.0,22000000.0,146600000.0,2007-09-23,6.1,44.0,29%
307,Enchanted,"['Walt Disney Pictures', 'Jerry Bruckheimer Films', 'Junction Entertainment', 'Saturn Films']",United States,English,107.0,85000000.0,340500000.0,2007-10-20,7.0,75.0,93%
308,National Treasure: Book of Secrets,"['Walt Disney Pictures', 'Jerry Bruckheimer Films', 'Junction Entertainment', 'Saturn Films']",United States,English,124.0,130000000.0,459200000.0,2007-12-21,6.5,48.0,36%
309,Hannah Montana and Miley Cyrus: Best of Both Worlds Concert,"['Walt Disney Pictures', 'PACE']",United States,English,74.0,7000000.0,70600000.0,2008-02-01,2.4,59.0,71%
310,College Road Trip,"['Walt Disney Pictures', 'Gunn Films', 'Head Gear Films']",United States,English,83.0,25000000.0,51500000.0,2008-03-07,4.3,36.0,12%
311,The Chronicles of Narnia: Prince Caspian,"['Walt Disney Pictures', 'Walden Media']","['United Kingdom', 'United States']",English,150.0,225000000.0,419700000.0,2008-05-07,6.5,62.0,66%
312,WALL-E,"['Walt Disney Pictures', 'Mandeville Films', 'Smart Entertainment']",United States,English,97.0,180000000.0,521300000.0,2008-06-23,8.4,95.0,95%
313,Beverly Hills Chihuahua,"['Walt Disney Pictures', 'Mandeville Films', 'Smart Entertainment']",United States,English,91.0,20000000.0,149300000.0,2008-10-03,3.8,41.0,40%
314,Morning Light,Walt Disney Pictures,United States,English,100.0,15500000.0,275776.0,2008-10-17,5.8,51.0,33%
315,High School Musical 3: Senior Year,"['Walt Disney Pictures', 'Borden & Rosenbush Entertainment']",United States,English,111.0,11000000.0,252900000.0,2008-10-17,6.3,59.0,89%
316,Bolt,"['Walt Disney Pictures', 'Walt Disney Animation Studios']",United States,English,96.0,150000000.0,310000000.0,2008-11-21,6.8,67.0,89%
317,Bedtime Stories,"['Walt Disney Pictures', 'Happy Madison Productions', 'Gunn Films', 'Offspring Entertainment', 'Conman & Izzy Productions']",United States,English,99.0,80000000.0,212900000.0,2008-12-25,6.0,33.0,27%
318,Jonas Brothers: The 3D Concert Experience,"['Walt Disney Pictures', 'Jonas Films']",United States,English,76.0,65000000.0,23100000.0,2009-02-27,1.5,45.0,23%
319,Race to Witch Mountain,"['Walt Disney Pictures', 'Gunn Films']",United States,English,98.0,50000000.0,106400000.0,2009-03-11,5.7,52.0,42%
320,Hannah Montana: The Movie,"['Walt Disney Pictures', ""It's a Laugh Productions"", 'Millar Gough Ink']",United States,English,97.0,30000000.0,169.2,2009-04-10,4.5,47.0,43%
321,Earth,"['BBC Worldwide', 'Greenlight Media', 'Discovery Channel', 'BBC Natural History Unit']","['France', 'United Kingdom', 'Germany', 'United States']",English,99.0,47000000.0,109000000.0,2007-10-10,8.0,72.0,86%
322,Up,"['Walt Disney Pictures', 'Pixar Animation Studios']",United States,English,96.0,175000000.0,735100000.0,2009-05-29,8.2,88.0,98%
323,Lilly the Witch: The Dragon and the Magic Book,"['Walt Disney Pictures', 'Jerry Bruckheimer Films']","['Germany', 'Austria', 'Italy', 'Spain', 'United Kingdom']",German,93.0,162500000.0,513950000.0,2009-07-24,5.2,64.5,27%
324,G-Force,"['Walt Disney Pictures', 'Jerry Bruckheimer Films']",United States,English,90.0,150000000.0,292800000.0,2009-07-24,5.1,41.0,22%
325,Ponyo,Studio Ghibli,Japan,Japanese,101.0,102666666.66666666,198966666.6666667,2008-07-19,7.7,86.0,91%
326,Walt & El Grupo,"['The Walt Disney Company CIS', '(Russia)', 'Trite (Russia)']",United States,English,101.0,55333333.33333333,105133333.33333334,2009-11-03,6.3,55.0,59%
327,The Book of Masters,"['The Walt Disney Company CIS', '(Russia)', 'Trite (Russia)']",Russia,Russian,101.0,8000000.0,11300000.0,2009-11-03,6.55,55.0,52%
328,A Christmas Carol,"['Walt Disney Pictures', 'ImageMovers Digital']",United States,English,96.0,175000000.0,325000000.0,2009-11-03,6.8,55.0,52%
329,Old Dogs,"['Walt Disney Pictures', 'Tapestry Films']",United States,English,88.0,35000000.0,96800000.0,2009-11-25,5.4,19.0,5%
330,The Princess and the Frog,"['Walt Disney Pictures', 'Walt Disney Animation Studios']",United States,English,97.0,105000000.0,270000000.0,2009-11-25,7.1,73.0,85%
331,Alice in Wonderland,"['Walt Disney Pictures', 'Roth Films', 'The Zanuck Company', 'Team Todd']",United States,English,108.0,200000000.0,1025000000.0,2010-02-25,6.4,53.0,51%
332,Oceans,"['Pathé', 'Participant Media', 'Galatée Films', 'Notro Films', 'France 2 Cinéma', 'France 3 Cinéma', 'Canal+', 'TPS Star', 'Alfred P. Sloan Foundation', 'Census of Marine Life']",France,French,104.0,80000000.0,82700000.0,2009-10-17,7.8,75.0,81%
333,Prince of Persia: The Sands of Time,"['Walt Disney Pictures', 'Pixar Animation Studios']",United States,English,116.0,200000000.0,336400000.0,2010-05-09,6.6,50.0,37%
334,Toy Story 3,"['Walt Disney Pictures', 'Pixar Animation Studios']",United States,English,103.0,200000000.0,1067000000.0,2010-06-12,8.3,92.0,98%
335,The Sorcerer's Apprentice,"['Walt Disney Pictures', 'Jerry Bruckheimer Films', 'Saturn Films', 'Broken Road Productions']",United States,English,109.0,150000000.0,215300000.0,2010-07-08,6.1,46.0,40%
336,Tales from Earthsea,Studio Ghibli,Japan,Japanese,115.0,22000000.0,163633333.33333334,2006-07-29,6.4,47.0,75%
337,The Crimson Wing: Mystery of the Flamingos,"['Disneynature', 'Natural Light Films', 'Kudos Pictures']","['United Kingdom', 'United States']",English,74.0,28500000.0,111966666.66666667,2008-10-26,7.3,54.0,75%
338,Secretariat,"['Walt Disney Pictures', 'Mayhem Pictures']",United States,English,123.0,35000000.0,60300000.0,2010-09-30,7.2,61.0,63%
339,Do Dooni Chaar,"['Walt Disney Pictures', 'Disney World Cinema', 'Planman Motion Pictures', 'Walt Disney Pictures India']",India,Hindi,108.0,147500000.0,326350000.0,2010-10-08,7.6,66.0,77%
340,Tangled,"['Walt Disney Pictures', 'Walt Disney Animation Studios']",United States,English,100.0,260000000.0,592400000.0,2010-11-14,7.7,71.0,89%
341,The Boys: The Sherman Brothers' Story,"['Walt Disney Pictures', 'Red Hour Films']",United States,English,101.0,215000000.0,55513.0,2009-04-24,7.8,78.0,90%
342,Tron: Legacy,"['Disney World Cinema', 'A Bellyful of Dreams Entertainment', 'Arka Media Works', 'Walt Disney Pictures India']",United States,English,125.0,170000000.0,400100000.0,2010-11-30,6.8,49.0,51%
343,Anaganaga O Dheerudu,"['Disney World Cinema', 'A Bellyful of Dreams Entertainment', 'Arka Media Works', 'Walt Disney Pictures India']",India,Telugu,107.5,3800000.0,7000000.0,2011-01-14,5.8,49.0,37%
344,Lilly the Witch: The Journey to Mandolan,Walt Disney Pictures,Germany,German,90.0,76900000.0,23100000.0,2011-02-17,4.8,49.0,37%
345,Mars Needs Moms,"['Walt Disney Pictures', 'ImageMovers Digital']",United States,English,88.0,150000000.0,39200000.0,2011-03-11,5.4,49.0,37%
346,Zokkomon,"['Disney World Cinema', 'Walt Disney Pictures India']",India,Hindi,109.0,77500000.0,35050000.0,2011-04-22,4.0,55.0,50%
347,African Cats,"['Disneynature', 'Fothergill / Scholey Productions', 'Silverback Films']","['United States', 'France', 'United Kingdom']","['English', 'French']",89.0,5000000.0,30900000.0,2011-04-22,7.6,61.0,73%
348,Prom,Walt Disney Pictures,United States,English,104.0,8000000.0,10700000.0,2011-04-29,5.4,50.0,36%
349,Pirates of the Caribbean: On Stranger Tides,"['Walt Disney Pictures', 'Pixar Animation Studios']",United States,English,137.0,410600000.0,1046000000.0,2011-05-07,6.6,45.0,33%
350,Cars 2,"['Walt Disney Pictures', 'Pixar Animation Studios']",United States,English,106.0,200000000.0,562100000.0,2011-06-18,6.1,57.0,39%
351,Winnie the Pooh,"['Walt Disney Pictures', 'Mandeville Films']",United States,English,69.0,30000000.0,50100000.0,2011-04-06,7.2,74.0,91%
352,The Muppets,"['Walt Disney Pictures', 'Mandeville Films']",United States,English,103.0,45000000.0,165200000.0,2011-11-04,7.1,75.0,95%
353,Arrietty,Studio Ghibli,Japan,Japanese,95.0,23000000.0,146000000.0,2010-07-17,7.6,80.0,95%
354,John Carter,Walt Disney Pictures,United States,English,132.0,306600000.0,284100000.0,2012-02-22,6.6,51.0,52%
355,Chimpanzee,"['Disneynature', 'Great Ape Productions']","['United States', 'France', 'United Kingdom']","['English', 'French']",77.0,5000000.0,34800000.0,2012-04-20,7.2,57.0,76%
356,Arjun: The Warrior Prince,"['Walt Disney Pictures', 'Walt Disney Pictures India', 'UTV Motion Pictures']",India,Hindi,96.0,95000000.0,287600000.0,2012-05-25,6.8,63.0,67%
357,Brave,"['Walt Disney Pictures', 'Pixar Animation Studios']","['United Kingdom', 'United States']",English,93.0,185000000.0,540400000.0,2012-06-10,7.1,69.0,78%
358,The Odd Life of Timothy Green,"['Walt Disney Pictures', 'Scott Sanders Productions']",United States,English,104.0,25000000.0,56000000.0,2012-08-15,6.6,47.0,36%
359,Frankenweenie,"['Walt Disney Pictures', 'Tim Burton Productions']",United States,English,87.0,39000000.0,81500000.0,2012-09-20,6.9,74.0,87%
360,Wreck-It Ralph,"['Walt Disney Pictures', 'Walt Disney Animation Studios']",United States,English,101.0,165000000.0,471200000.0,2012-10-29,7.7,72.0,87%
361,Oz the Great and Powerful,"['Disneynature', 'Blacklight Films']",United States,English,130.0,200.0,493300000.0,2013-02-14,6.3,44.0,57%
362,Wings of Life,"['Disneynature', 'Blacklight Films']","['France', 'United States']","['French', 'English']",77.0,100000100.0,618450000.0,2011-03-16,7.3,54.5,79%
363,Monsters University,"['Walt Disney Pictures', 'Jerry Bruckheimer Films', 'Infinitum Nihil', 'Blind Wink Productions']",United States,English,104.0,200000000.0,743600000.0,2013-06-05,7.3,65.0,80%
364,The Lone Ranger,"['Walt Disney Pictures', 'Jerry Bruckheimer Films', 'Infinitum Nihil', 'Blind Wink Productions']",United States,English,149.0,225.0,260500000.0,2013-06-22,6.4,37.0,30%
365,Planes,"['Walt Disney Pictures', 'Disneytoon Studios']",United States,English,92.0,50000000.0,239300000.0,2013-08-02,5.7,39.0,25%
366,Frozen,"['Walt Disney Pictures', 'Walt Disney Animation Studios']",United States,English,102.0,150000000.0,1280000000.0,2013-11-19,7.4,75.0,90%
367,Saving Mr. Banks,"['Walt Disney Pictures', 'Ruby Films', 'Essential Media and Entertainment', 'BBC Films', 'Hopscotch Features']","['Australia', 'United Kingdom', 'United States']",English,125.0,35000000.0,117900000.0,2013-10-20,7.5,65.0,79%
368,Muppets Most Wanted,"['Walt Disney Pictures', 'Mandeville Films']",United States,English,107.0,51000000.0,80400000.0,2014-03-11,6.4,61.0,80%
369,Bears,"['Disneynature', 'Silverback Films']",United States,English,77.0,5000000.0,21300000.0,2014-04-18,7.4,68.0,90%
370,Million Dollar Arm,"['Walt Disney Pictures', 'Roth Films', 'Mayhem Pictures']",United States,"['English Hindi', 'English', 'Hindi']",124.0,25000000.0,39200000.0,2014-05-06,7.0,56.0,65%
371,Maleficent,"['Walt Disney Pictures', 'Roth Films']",United States,English,97.0,180.0,758500000.0,2014-05-28,7.0,56.0,54%
372,Planes: Fire & Rescue,"['Walt Disney Pictures', 'Disneytoon Studios']",United States,English,84.0,50000000.0,147000000.0,2014-07-15,6.0,48.0,45%
373,Khoobsurat,"['Walt Disney Pictures India', 'Anil Kapoor Films Company']",India,Hindi,127.0,3200000.0,11000000.0,2014-09-19,6.4,51.0,80%
374,"Alexander and the Terrible, Horrible, No Good, Very Bad Day","['Walt Disney Pictures', '21 Laps Entertainment', 'The Jim Henson Company']",United States,English,81.0,28000000.0,100700000.0,2014-10-06,6.2,54.0,61%
375,Big Hero 6,"['Walt Disney Pictures', 'Walt Disney Animation Studios']",United States,English,102.0,165000000.0,657800000.0,2014-10-23,7.8,74.0,89%
376,Into the Woods,"['Walt Disney Pictures', 'Lucamar Productions', 'Marc Platt Productions']",United States,English,124.0,50000000.0,213100000.0,2014-12-08,5.9,69.0,71%
377,"McFarland, USA","['Walt Disney Pictures', 'Mayhem Pictures']",United States,English,129.0,25000000.0,45700000.0,2015-02-09,7.4,60.0,81%
378,Cinderella,"['Walt Disney Pictures', 'Kinberg Genre', 'Allison Shearmur Productions', 'Beagle Pug Films']","['United States', 'United Kingdom']",English,106.0,95.0,542400000.0,2015-02-13,6.9,67.0,83%
379,Monkey Kingdom,"['Disneynature', 'Silverback Films']",United States,English,82.0,5.0,17100000.0,2015-04-17,7.3,72.0,93%
380,Tomorrowland,"['Walt Disney Pictures', 'A113 Productions']",United States,English,130.0,180.0,209000000.0,2015-05-09,6.4,60.0,50%
381,Inside Out,"['Walt Disney Pictures', 'Pixar Animation Studios']",United States,English,94.0,175000000.0,858000000.0,2015-05-18,8.1,94.0,98%
382,ABCD 2,Walt Disney Pictures,India,Hindi,154.0,175000000.0,595100000.0,2015-06-19,7.4,80.0,76%
383,The Good Dinosaur,"['Walt Disney Pictures', 'Whitaker Entertainment', 'Red Hawk Entertainment']",United States,English,94.0,175000000.0,332200000.0,2015-11-10,6.7,66.0,76%
384,The Finest Hours,"['Walt Disney Pictures', 'Whitaker Entertainment', 'Red Hawk Entertainment']",United States,English,117.0,70.0,52100000.0,2016-01-25,6.8,58.0,63%
385,Zootopia,"['Walt Disney Pictures', 'Walt Disney Animation Studios']",United States,English,108.0,150000000.0,1024000000.0,2016-02-13,8.0,78.0,98%
386,The Jungle Book,"['Walt Disney Pictures', 'Fairview Entertainment']",United States,English,106.0,175.0,966600000.0,2016-04-04,7.4,77.0,94%
387,Tini: The Movie,"['Walt Disney Pictures', 'Roth Films', 'Team Todd', 'Tim Burton Productions']","['Spain', 'Italy']",Spanish,98.0,85000087.5,17000000.0,2016-04-23,6.800000000000001,55.5,29%
388,Alice Through the Looking Glass,"['Walt Disney Pictures', 'Roth Films', 'Team Todd', 'Tim Burton Productions']",United States,English,114.0,170000000.0,299500000.0,2016-05-10,6.2,34.0,29%
389,Finding Dory,"['Walt Disney Pictures', 'Pixar Animation Studios']",United States,English,97.0,175.0,1029000000.0,2016-06-08,7.3,77.0,94%
390,The BFG,"['Aamir Khan Productions', 'Walt Disney Pictures India']",United States,English,117.0,140000000.0,195200000.0,2016-05-14,6.4,66.0,74%
391,Pete's Dragon,"['Aamir Khan Productions', 'Walt Disney Pictures India']",United States,English,103.0,65000000.0,143700000.0,2016-08-08,6.7,71.0,88%
392,Queen of Katwe,"['Aamir Khan Productions', 'Walt Disney Pictures India']",United States,"['English', 'Luganda']",124.0,15000000.0,10400000.0,2016-09-10,7.4,73.0,94%
393,Moana,"['Aamir Khan Productions', 'Walt Disney Pictures India']",['United States'],English,107.0,150.0,690800000.0,2016-11-14,7.6,81.0,95%
394,Dangal,"['Aamir Khan Productions', 'Walt Disney Pictures India']",India,Hindi,161.0,4000075.0,409100000.0,2016-12-21,8.4,80.0,88%
395,March of the Penguins,"['Wild Bunch', 'National Geographic Films', 'Bonne Pioche']",France,French,80.0,8000000.0,127400000.0,2005-01-26,7.5,79.0,94%
396,Beauty and the Beast,"['Walt Disney Pictures', 'Mandeville Films']",United States,English,129.0,160.0,1264000000.0,2017-02-23,8.0,95.0,94%
397,Born in China,"['Disneynature', 'Shanghai Media Group', 'Chuan Films', 'Brian Leith Productions']","['United States', 'China', 'France']","['English', 'Mandarin', 'French']",76.0,5.0,25100000.0,2016-08-12,7.2,57.0,85%
398,Pirates of the Caribbean: Dead Men Tell No Tales,"['Walt Disney Pictures', 'Jerry Bruckheimer Films']",United States,English,129.0,230.0,794900000.0,2017-05-11,6.5,39.0,29%
399,Cars 3,"['Walt Disney Pictures', 'Pixar Animation Studios']",United States,English,102.0,175000000.0,383900000.0,2017-05-23,6.7,59.0,69%
400,Ghost of the Mountains,"['Disneynature', 'Brian Leith Productions']",United States,English,132.0,175000000.0,525200000.0,2017-06-30,6.7,66.33333333333333,97%
401,Jagga Jasoos,"['Walt Disney Pictures India', 'Picture Shuru Entertainment', 'Ishana Movies']",India,Hindi,162.0,175000000.0,666500000.0,2017-07-14,7.550000000000001,73.66666666666667,97%
402,Coco,"['Walt Disney Pictures', 'Pixar Animation Studios']",United States,English,105.0,175000000.0,807800000.0,2017-10-20,8.4,81.0,97%
403,A Wrinkle in Time,"['Walt Disney Pictures', '2DUX²']",United States,English,109.0,100.0,133400000.0,2018-02-26,4.2,53.0,42%
404,Incredibles 2,"['Walt Disney Pictures', '2DUX²']",United States,English,118.0,200000000.0,1243000000.0,2018-06-05,7.6,80.0,93%
405,Christopher Robin,"['Walt Disney Pictures', '2DUX²']",United States,English,104.0,70000000.0,197700000.0,2018-07-30,7.3,60.0,32%
406,The Nutcracker and the Four Realms,"['Walt Disney Pictures', 'The Mark Gordon Company']",United States,English,99.0,120.0,174000000.0,2018-10-29,5.5,39.0,32%
407,Ralph Breaks the Internet,"['Walt Disney Pictures', 'Lucamar Productions', 'Marc Platt Productions']",United States,English,112.0,175000000.0,529300000.0,2018-11-05,7.1,71.0,88%
408,Mary Poppins Returns,"['Walt Disney Pictures', 'Lucamar Productions', 'Marc Platt Productions']",United States,English,131.0,130000000.0,349500000.0,2018-11-29,6.7,66.0,79%
409,Dumbo,"['Walt Disney Pictures', 'Tim Burton Productions', 'Infinite Detective Productions', 'Secret Machine Entertainment']",United States,English,112.0,170000000.0,353300000.0,2019-03-11,7.2,96.0,98%
410,Penguins,"['Disneynature', 'Silverback Films']",United States,English,76.0,176500000.0,7.7,2019-04-17,7.0,69.0,92%
411,Aladdin,"['Walt Disney Pictures', 'Rideback', 'Marc Platt Productions']",United States,English,128.0,183000000.0,536500003.84999996,2019-05-08,8.0,86.0,95%
412,Toy Story 4,"['Walt Disney Pictures', 'Fairview Entertainment']",United States,English,100.0,200000000.0,1073000000.0,2019-06-11,7.8,84.0,97%
413,The Lion King,"['Walt Disney Pictures', 'Fairview Entertainment']",United States,English,118.0,250.0,1657000000.0,2019-07-09,8.5,88.0,93%
414,Maleficent: Mistress of Evil,"['Walt Disney Pictures', 'Roth/Kirschenbaum Films']",United States,English,119.0,185000000.0,492700000.0,2019-10-18,6.6,43.0,39%
415,Lady and the Tramp,"['Walt Disney Pictures', 'Taylor Made']",United States,English,104.0,160000000.0,811800000.0,2019-11-12,7.3,78.0,93%
416,Noelle,Walt Disney Pictures,United States,English,100.0,155000000.0,1130900000.0,2019-11-12,6.3,48.0,77%
417,Frozen II,"['Walt Disney Pictures', 'Walt Disney Animation Studios']",United States,English,103.0,150000000.0,1450000000.0,2019-11-07,6.9,64.0,77%
418,Togo,Walt Disney Pictures,United States,English,114.0,40000000.0,1013966666.6666667,2019-12-20,8.0,69.0,88%
419,Timmy Failure: Mistakes Were Made,"['Walt Disney Pictures', 'Etalon Film', 'Slow Pony Pictures', 'Whitaker Entertainment']",United States,English,99.0,42000000.0,577933333.3333334,2020-01-25,6.1,60.0,88%
420,Onward,"['Walt Disney Pictures', 'Pixar Animation Studios']",United States,English,102.0,175.0,141900000.0,2020-02-21,7.4,61.0,88%
421,Stargirl,"['Walt Disney Pictures', 'Gotham Group', 'Hahnscape Entertainment']",United States,English,107.0,31250131.25,133911111.1111111,2020-03-13,7.3,70.0,73%
422,Dolphin Reef,Disneynature,United States,English,78.0,62500087.5,125922222.22222222,2018-03-28,7.5,79.0,73%
423,Elephant,Disneynature,United States,English,89.0,93750043.75,117933333.33333333,2020-04-03,7.2,70.0,73%
424,Artemis Fowl,"['Walt Disney Pictures', 'TriBeCa Productions', 'Marzano Films']",United States,English,95.0,125000000.0,109944444.44444445,2020-06-12,4.2,31.0,8%
425,Hamilton,"['Walt Disney Pictures', '5000 Broadway Productions', 'Nevis Productions', 'Old 320 Sycamore Pictures', 'RadicalMedia']",United States,English,160.0,12500000.0,101955555.55555555,2020-07-03,8.6,90.0,86%
426,Black Is King,"['Parkwood Entertainment', 'Walt Disney Pictures']",United States,English,85.0,18250000.0,93966666.66666666,2020-07-31,5.5,84.0,86%
427,Magic Camp,"['Walt Disney Pictures', 'Team Todd']",United States,English,100.0,24000000.0,85977777.77777778,2020-08-14,6.3,71.0,86%
428,The One and Only Ivan,"['Walt Disney Pictures', 'Jolie Pas Productions']",United States,English,95.0,112000000.0,77988888.8888889,2020-08-21,6.7,58.0,86%
429,Mulan,"['Walt Disney Pictures', 'Jason T. Reed Productions', 'Good Fear Productions']",United States,English,115.0,200000000.0,70000000.0,2020-03-09,7.6,71.0,86%
430,Godmothered,"['Walt Disney Pictures', 'Secret Machine Entertainment']",United States,English,113.0,183333333.33333334,62433333.333333336,2020-12-04,6.1,49.0,93%
431,Safety,"['Walt Disney Pictures', 'Mayhem Pictures', 'Select Films']",United States,English,119.0,166666666.66666666,54866666.666666664,2020-12-11,6.9,50.0,93%
432,Soul,"['Walt Disney Pictures', 'Netter Productions']",United States,English,101.0,150000000.0,47300000.0,2020-10-11,7.8,86.0,93%
433,Flora & Ulysses,"['Walt Disney Pictures', 'Netter Productions']",United States,English,119.63636363636364,171545454.54545456,162090909.0909091,2021-02-19,7.84,86.28571428571429,93%
434,Raya and the Last Dragon,"['Walt Disney Pictures', 'Walt Disney Animation Studios']",United States,English,138.27272727272728,193090909.0909091,276881818.1818182,2021-03-05,7.88,86.57142857142857,93%
435,Cruella,"['Walt Disney Pictures', 'Gunn Films', 'Marc Platt Productions']",United States,English,156.9090909090909,214636363.63636363,391672727.27272725,2021-05-28,7.92,86.85714285714286,93%
436,Jungle Cruise,"['Walt Disney Pictures', 'Davis Entertainment', 'Seven Bucks Productions', 'Flynn Picture Company']",United States,English,175.54545454545456,236181818.1818182,506463636.3636364,2021-07-30,7.96,87.14285714285714,93%
437,The Beatles: Get Back,"['Walt Disney Pictures', 'Walt Disney Animation Studios']","['United Kingdom', 'New Zealand', 'United States']",English,194.1818181818182,257727272.72727275,621254545.4545455,2021-08-27,8.0,87.42857142857143,93%
438,Encanto,"['Walt Disney Pictures', 'Walt Disney Animation Studios']",United States,English,212.8181818181818,279272727.27272725,736045454.5454545,2021-11-24,7.8,87.71428571428571,93%
439,The Little Mermaid,"['Walt Disney Pictures', 'Lucamar Productions', 'Marc Platt Productions']",United States,English,231.45454545454547,300818181.8181818,850836363.6363636,2021-11-24,7.6,88.0,93%
440,Peter Pan & Wendy,"['Walt Disney Pictures', 'Whitaker Entertainment', 'Roth/Kirschenbaum Films']",United States,English,250.0909090909091,322363636.3636364,965627272.7272727,2021-11-24,7.6,75.5,66%
441,Home Alone,"['20th Century Studios', 'Hutch Parker Entertainment']",United States,English,268.72727272727275,343909090.90909094,1080418181.818182,2021-11-24,7.6,63.0,66%
442,Shrunk,"['Walt Disney Pictures', 'Mandeville Films']",United States,English,287.3636363636364,365454545.4545455,1195209090.909091,2021-11-24,7.0,55.5,43%
443,Night at the Museum,"['21 Laps Entertainment', 'Ingenious Film Partners ( 1–2 )', '1492 Pictures', 'Dune Entertainment ( 1–2 )', 'TSG Entertainment ( 3 )', '20th Century Animation (4)', '20th Century Studios', 'Walt Disney Studios Motion Pictures']",United States,English,306.0,387000000.0,1310000000.0,2021-11-24,6.4,48.0,43%
